0,Player,Pos,College,G,MP,PTS,TRB,AST,STL,BLK,FG%,2P%,3P%,FT%,WS,Expected WS by Pick %,Expected WS by Pick,(Actual WS - Expected (By Pick))* .5,Next 3 Position Avg WS,(Actual WS - Expected (Next 3))*.5,Draft Score,Z-Score,FIC,Year,VA,TPA
1,John Wall,G,Kentucky,573,35.9,19,4.3,9.2,1.7,0.7,0.433,0.457,0.324,0.781,44.3,0.072023977,51.1442259,-3.422112952,21.13333333,11.58333333,8.161220378,0.47,466.2,2010,7.05,
2,Evan Turner,G,Ohio State,705,26.9,9.7,4.6,3.5,0.8,0.3,0.434,0.458,0.294,0.782,20.2,0.059848272,42.49825794,-11.14912897,19.76666667,0.216666667,-10.9324623,-0.89,538.9,2010,8.5,
3,Derrick Favors,F,Georgia Tech,683,25.6,11.4,7.4,1.1,0.8,1.3,0.53,0.54,0.207,0.661,53.6,0.052636508,37.3771846,8.1114077,34.73333333,9.433333333,17.54474103,1.14,434.9,2010,6.65,
4,Wesley Johnson,F,Syracuse,609,22.1,7,3.2,1.1,0.8,0.7,0.404,0.46,0.337,0.741,10.7,0.047578908,33.78578252,-11.54289126,50.4,-19.85,-31.39289126,-2.35,528.625,2010,8.81,
5,DeMarcus Cousins,C,Kentucky,565,32,21.2,10.9,3.2,1.4,1.2,0.461,0.477,0.332,0.737,44.1,0.043645219,30.99246979,6.553765104,23.23333333,10.43333333,16.98709843,1.1,520.9,2010,8.07,
6,Ekpe Udoh,C,Baylor,384,14.8,3.5,2.9,0.7,0.5,1.1,0.453,0.455,0,0.718,10.4,0.040460804,28.73121664,-9.165608318,23.2,-6.4,-15.56560832,-1.22,570,2010,8.22,
7,Greg Monroe,C,Georgetown,632,27.7,13.2,8.3,2.1,1.1,0.6,0.514,0.515,0.059,0.704,49.7,0.037744685,26.8025007,11.44874965,6.966666667,21.36666667,32.81541632,2.23,512.875,2010,8.25,
8,Al-Farouq Aminu,F,Wake Forest,688,25.1,7.6,6.1,1.2,1,0.6,0.421,0.467,0.335,0.745,27.5,0.035403203,25.13981456,1.180092722,55.2,-13.85,-12.66990728,-1.02,402.6,2010,6.36,
9,Gordon Hayward,F,Butler,641,30.8,15.3,4.4,3.5,1,0.4,0.451,0.49,0.366,0.823,53.7,0.033342699,23.67665074,15.01167463,47.5,3.1,18.11167463,1.18,467.2,2010,8,
10,Paul George,F,Fresno State,652,33.5,20,6.4,3.4,1.7,0.4,0.433,0.47,0.381,0.846,70,0.031469514,22.34650183,23.82674909,26.56666667,21.71666667,45.54341576,3.14,376.5,2010,4.3,
11,Cole Aldrich,C,Kansas,339,10,3.1,3.3,0.5,0.4,0.7,0.527,0.527,,0.738,9.6,0.029783647,21.1493678,-5.774683899,3.733333333,2.933333333,-2.841350566,-0.32,512.6,2010,8.19,
12,Xavier Henry,G,Kansas,185,15.7,5.7,1.9,0.6,0.5,0.1,0.406,0.419,0.325,0.635,0.8,0.028285099,20.08524866,-9.642624332,20.6,-9.9,-19.54262433,-1.51,325.9,2010,5.65,
13,Ed Davis,F,UNC,668,19.8,6.3,6.6,0.8,0.5,0.8,0.568,0.569,0,0.583,41.9,0.02688021,19.08763698,11.40618151,14.56666667,13.66666667,25.07284818,1.68,326,2010,4.15,
14,Patrick Patterson,F,Kentucky,681,21.1,6.7,4,1,0.5,0.4,0.448,0.499,0.369,0.755,30.6,0.02556898,18.15653273,6.221733633,4.3,13.15,19.37173363,1.27,498.5,2010,7.84,
15,Larry Sanders,C,Virginia Commonwealth,238,19.5,6.4,5.7,0.7,0.6,1.8,0.48,0.481,0,0.553,10.3,0.02435141,17.29193594,-3.495967968,0.466666667,4.916666667,1.420698699,-0.01,469.4,2010,6.01,
16,Luke Babbitt,F,Nevada,381,14,4.8,2.2,0.6,0.2,0.2,0.408,0.417,0.402,0.747,7.2,0.023227498,16.49384659,-4.646923293,10.63333333,-1.716666667,-6.36358996,-0.57,538.6,2010,7.66,
17,Kevin SŽraphin,F,,423,15.2,5.9,3.5,0.6,0.2,0.7,0.489,0.491,0,0.715,5.9,0.022103587,15.69575724,-4.897878618,8.733333333,-1.416666667,-6.314545285,-0.56,147.375,2010,,
18,Eric Bledsoe,G,Kentucky,631,27.8,14.2,4,4.8,1.4,0.5,0.457,0.506,0.336,0.793,42.4,0.021166994,15.03068277,13.68465861,6.7,17.85,31.53465861,2.14,247.1,2010,4.35,
19,Avery Bradley,G,Texas,571,28.3,11.8,2.9,1.8,1,0.2,0.436,0.472,0.364,0.78,16.1,0.020136743,14.29910087,0.900449565,1.333333333,7.383333333,8.283782898,0.48,219.5,2010,2.6,
20,James Anderson,G,Oklahoma State,247,17.5,5.8,2.3,1.2,0.5,0.2,0.411,0.495,0.321,0.755,3.3,0.019293809,13.70053386,-5.200266928,0.333333333,1.483333333,-3.716933595,-0.38,453.2,2010,8.74,
21,Craig Brackins,F,Iowa State,17,7.1,1.8,1.1,0.5,0.1,0.1,0.265,0.286,0.214,0.5,-0.2,0.018450876,13.10196684,-6.650983421,14.13333333,-7.166666667,-13.81765009,-1.1,381,2010,4.43,
22,Elliot Williams,G,Memphis,109,13.5,4.9,1.5,0.9,0.4,0.1,0.421,0.489,0.31,0.669,0.7,0.017607942,12.50339983,-5.901699917,3.333333333,-1.316666667,-7.218366584,-0.63,373,2010,5.13,
23,Trevor Booker,F,Clemson,532,20.4,6.9,5.5,1.1,0.7,0.5,0.515,0.534,0.305,0.636,26.2,0.016858668,11.97134027,7.114329866,8.9,8.65,15.76432987,1.01,449.9,2010,8.28,
24,Damion James,G,Texas,39,16,3.8,3.4,0.7,0.6,0.5,0.415,0.433,0,0.667,0,0.016109394,11.43928069,-5.719640347,5.433333333,-2.716666667,-8.436307014,-0.71,511.5,2010,9.13,
25,Dominique Jones,G,South Florida,80,9.3,3.1,1.4,1.8,0.4,0.1,0.366,0.393,0.095,0.729,0.3,0.01536012,10.90722113,-5.303610563,9.533333333,-4.616666667,-9.92027723,-0.82,441,2010,8.71,
26,Quincy Pondexter,G,Washington,355,15.6,4.5,1.8,0.7,0.3,0.1,0.423,0.475,0.356,0.746,9.7,0.014610846,10.37516156,-0.33758078,6.266666667,1.716666667,1.379085887,-0.01,503.8,2010,8.91,
27,Jordan Crawford,G,Xavier,281,24.4,12.2,2.5,3.1,0.7,0.1,0.411,0.458,0.317,0.826,6.3,0.013955231,9.909609441,-1.80480472,4.1,1.1,-0.70480472,-0.16,412.5,2010,7.02,
28,Greivis V‡squez,G,Maryland,401,23.7,9,2.5,4.8,0.6,0.1,0.418,0.456,0.349,0.817,12.6,0.013393275,9.510564762,1.544717619,-0.166666667,6.383333333,7.928050952,0.45,457.6,2010,8.07,
29,Daniel Orton,C,Kentucky,51,10.6,2.8,2.5,0.5,0.4,0.5,0.485,0.49,0,0.597,1,0.01273766,9.045012643,-4.022506321,15.23333333,-7.116666667,-11.13917299,-0.91,149.875,2010,1.89,
30,Lazar Hayward,F,Marquette,72,8.2,2.9,1.3,0.5,0.2,0.1,0.347,0.395,0.269,0.767,0.2,0.012175705,8.645967971,-4.222983986,9.066666667,-4.433333333,-8.656317319,-0.73,402.375,2010,7.46,
31,Tibor Plei§,C,,12,6.8,2,1.3,0.2,0.1,0.2,0.44,0.478,0,1,-0.1,0.01152009,8.180415845,-4.140207923,15.83333333,-7.966666667,-12.10687459,-0.98,78.625,2010,,
32,Dexter Pittman,C,Texas,50,6.9,2.3,1.8,0.2,0.2,0.2,0.45,0.45,,0.545,0.5,0.010958134,7.781371174,-3.640685587,15.66666667,-7.583333333,-11.22401892,-0.91,305.4,2010,4.19,
33,Hassan Whiteside,C,Marshall,410,26.7,13.7,11.7,0.7,0.6,2.4,0.582,0.584,0.32,0.608,45.3,0.010489838,7.448833942,18.92558303,0.566666667,22.36666667,41.2922497,2.84,493.9,2010,5.37,
34,Armon Johnson,G,Nevada,47,8.5,3.3,1,1.2,0.2,0,0.458,0.465,0.4,0.679,-0.1,0.009927882,7.049789267,-3.574894633,5.433333333,-2.766666667,-6.3415613,-0.57,337.8,2010,3.44,
35,Nemanja Bjelica,F,,341,21.8,8,4.8,1.8,0.7,0.4,0.466,0.535,0.393,0.772,16,0.009459586,6.717252037,4.641373981,3.9,6.05,10.69137398,0.65,86,2010,4.22,
36,Terrico White,,Ole Miss,,,,,,,,,,,,,0.00889763,6.318207362,-3.159103681,,0,-3.159103681,-0.34,296.9,2010,,
37,Darington Hobson,G,New Mexico,5,7.8,0.8,0.6,1.2,0,0,0.154,0.286,0,,-0.2,0.008429334,5.985670132,-3.092835066,5.566666667,-2.883333333,-5.976168399,-0.54,493.6,2010,4.73,
38,Andy Rautins,G,Syracuse,5,4.8,1.6,0.2,0.6,0.2,0,0.429,0.667,0.25,0.5,-0.2,0.007961038,5.653132903,-2.926566451,8.45,-4.325,-7.251566451,-0.63,375.875,2010,6.28,
39,Landry Fields,F,Stanford,255,23.6,6.8,4.3,1.6,0.8,0.2,0.473,0.52,0.332,0.666,10.5,0.007492741,5.320595673,2.589702163,0.4,5.05,7.639702163,0.43,507.9,2010,5.05,
40,Lance Stephenson,G,Cincinnati,508,23.4,8.6,4.2,2.9,0.7,0.1,0.444,0.494,0.315,0.685,16.7,0.007024445,4.988058443,5.855970778,0.2,8.25,14.10597078,0.9,257.625,2010,4.16,
41,Jarvis Varnado,F,Mississippi State,37,10.7,2.9,1.9,0.4,0.3,0.8,0.582,0.582,,0.518,0.7,0.006649808,4.72202866,-2.01101433,0.166666667,0.266666667,-1.744347663,-0.24,593.8,2010,7.67,
42,Da'Sean Butler,,West Virginia,,,,,,,,,,,,,0.006181512,4.38949143,-2.194745715,,0,-2.194745715,-0.27,451.875,2010,8.83,
43,Devin Ebanks,F,West Virginia,63,11.3,3.6,1.9,0.4,0.3,0.2,0.385,0.418,0.222,0.722,0.5,0.005806875,4.123461646,-1.811730823,0,0.25,-1.561730823,-0.22,385.75,2010,5.74,
44,Jerome Jordan,C,Tulsa,65,7.6,2.8,2,0.3,0.1,0.3,0.528,0.528,,0.852,1.7,0.005432238,3.857431863,-1.078715931,0,0.85,-0.228715931,-0.13,467.8,2010,5.6,
45,Paulo Prestes,C,,,,,,,,,,,,,,0.004963941,3.524894633,-1.762447317,0,0,-1.762447317,-0.24,233.625,2010,,
46,Gani Lawal,F,Georgia Tech,1,2,0,0,0,0,0,,,,,0,0.004589304,3.25886485,-1.629432425,0.3,-0.15,-1.779432425,-0.24,364,2010,4.91,
47,Tiny Gallon,,Oklahoma,,,,,,,,,,,,,0.004214667,2.992835066,-1.496417533,,0,-1.496417533,-0.22,264.1,2010,3.04,
48,Latavious Williams,F,,,,,,,,,,,,,,0.00384003,2.726805282,-1.363402641,0.3,-0.15,-1.513402641,-0.22,402.5,2010,,
49,Ryan Richards,F,,,,,,,,,,,,,,0.003465393,2.460775499,-1.23038775,3.033333333,-1.516666667,-2.747054417,-0.31,0,2010,,
50,Solomon Alabi,C,Florida State,26,7,1.5,2.3,0.2,0.2,0.4,0.314,0.314,,0.7,0,0.003184415,2.261253161,-1.130626581,0,0,-1.130626581,-0.19,317,2010,5.95,
51,Magnum Rolle,,Louisiana Tech,,,,,,,,,,,,,0.002809778,1.995223378,-0.997611689,,0,-0.997611689,-0.18,397.1,2010,3.61,
52,Luke Harangody,F,Notre Dame,70,12.4,3.6,2.8,0.5,0.3,0.3,0.376,0.44,0.241,0.737,0.9,0.002435141,1.729193594,-0.414596797,2.766666667,-0.933333333,-1.34793013,-0.21,419.5,2010,5.7,
53,Pape Sy,F,,3,7,2.3,1,0.7,0.3,0,0.333,0.4,0,1,0,0.002154163,1.529671256,-0.764835628,2.866666667,-1.433333333,-2.198168961,-0.27,98.125,2010,,
54,Willie Warren,G,Oklahoma,19,7.1,1.9,0.6,1.4,0.3,0,0.371,0.4,0.333,0.75,0.2,0.001779526,1.263641472,-0.531820736,,0.1,-0.431820736,-0.14,173.125,2010,2.47,
55,Jeremy Evans,F,Western Kentucky,250,10.5,3.5,2.6,0.4,0.4,0.5,0.569,0.583,0.231,0.687,8.2,0.001498548,1.064119134,3.567940433,0.133333333,4.033333333,7.601273766,0.43,378.1,2010,5.31,
56,Hamady N'Diaye,C,Rutgers University,33,4.8,0.6,0.8,0.1,0.1,0.3,0.467,0.467,,0.462,0,0.001123911,0.798089351,-0.399044675,,0,-0.399044675,-0.14,378.25,2010,4.65,
57,Ryan Reid,F,Florida State,5,3.4,1.6,0.4,0,0,0,0.8,0.8,,,0.1,0.000842933,0.598567013,-0.249283507,0.3,-0.1,-0.349283507,-0.14,157.6,2010,1.52,
58,Derrick Caracter,F,Texas-El Paso,41,5.2,2,1,0.2,0.1,0.2,0.485,0.485,,0.739,0.3,0.000561956,0.399044675,-0.049522338,,0.15,0.100477662,-0.1,281.1,2010,3.27,
59,Stanley Robinson,,UConn,,,,,,,,,,,,,0.000187319,0.133014892,-0.066507446,,0,-0.066507446,-0.12,387.125,2010,5.2,
60,Dwayne Collins,F,Miami (FL),,,,,,,,,,,,,-9.37E-05,-0.066507446,0.033253723,,0,0.033253723,-0.11,296,2010,3.77,
61,Kyrie Irving,G,Duke,528,33.8,22.4,3.7,5.7,1.3,0.4,0.466,0.499,0.39,0.877,61.3,0.072023977,71.6998691,-5.199934552,22.7,19.3,14.10006545,0.66,147.125,2011,3.41,
62,Derrick Williams,F,Arizona,428,20.7,8.9,4,0.7,0.5,0.3,0.434,0.484,0.3,0.71,14.1,0.059848272,59.57895478,-22.73947739,24.1,-5,-27.73947739,-1.54,546.6,2011,9.74,
63,Enes Kanter,C,,641,21.7,11.6,7.6,0.9,0.4,0.5,0.543,0.55,0.287,0.776,44,0.052636508,52.39964371,-4.199821857,41.9,1.05,-3.149821857,-0.24,0,2011,,
64,Tristan Thompson,F,Texas,619,28.1,9.4,8.7,1,0.5,0.7,0.518,0.52,0.281,0.61,43.1,0.047578908,47.36480291,-2.132401457,19.86666667,11.61666667,9.48426521,0.42,433.9,2011,6.11,
65,Jonas Valanciunas,C,,559,25.3,12.4,8.9,0.9,0.4,1,0.562,0.572,0.355,0.781,52.3,0.043645219,43.44881551,4.425592243,24.56666667,13.86666667,18.29225891,0.88,100.5,2011,,
66,Jan Vesely,F,,162,15.2,3.6,3.5,0.6,0.7,0.5,0.521,0.523,0,0.408,4,0.040460804,40.27873038,-18.13936519,43.36666667,-19.68333333,-37.82269852,-2.07,98,2011,,
67,Bismack Biyombo,C,,636,20.2,5.1,6.2,0.5,0.3,1.3,0.52,0.521,0,0.575,25.3,0.037744685,37.57483392,-6.137416959,16.83333333,4.233333333,-1.904083625,-0.18,91.875,2011,,
68,Brandon Knight,G,Kentucky,446,29.5,14.1,3.1,4,0.9,0.2,0.411,0.445,0.353,0.806,11.5,0.035403203,35.24388859,-11.87194429,34.46666667,-11.48333333,-23.35527763,-1.31,359.6,2011,5.41,
69,Kemba Walker,G,UConn,661,33.8,19.9,3.8,5.4,1.3,0.4,0.419,0.454,0.36,0.837,54.4,0.033342699,33.19265685,10.60367157,21.9,16.25,26.85367157,1.33,620.125,2011,12.19,
70,Jimmer Fredette,G,BYU,241,13.3,6,1,1.4,0.4,0,0.409,0.434,0.372,0.879,2.2,0.031469514,31.32790119,-14.56395059,25.46666667,-11.63333333,-26.19728393,-1.46,545,2011,8.33,
71,Klay Thompson,G,Washington State,615,33.1,19.5,3.5,2.3,0.9,0.5,0.459,0.491,0.419,0.848,46.8,0.029783647,29.64962059,8.575189706,9.6,18.6,27.17518971,1.35,440.6,2011,6.4,
72,Alec Burks,G,Colorado,495,21.8,10.3,3.2,1.9,0.7,0.2,0.422,0.444,0.364,0.791,16.7,0.028285099,28.15781605,-5.728908027,13.83333333,1.433333333,-4.295574694,-0.3,494,2011,7.77,
73,Markieff Morris,F,Kansas,637,25.5,11.4,5.3,1.7,0.9,0.5,0.448,0.482,0.345,0.778,25.2,0.02688021,26.75924906,-0.779624528,35.73333333,-5.266666667,-6.046291194,-0.4,468.9,2011,7.09,
74,Marcus Morris,F,Kansas,607,27,12.1,4.7,1.5,0.7,0.3,0.432,0.474,0.367,0.759,30.4,0.02556898,25.45391959,2.473040205,40.83333333,-5.216666667,-2.743626462,-0.22,504.4,2011,8.12,
75,Kawhi Leonard,F,San Diego State,524,31,18.7,6.4,2.7,1.8,0.7,0.491,0.533,0.383,0.855,74.5,0.02435141,24.24182866,25.12908567,18.36666667,28.06666667,53.19575234,2.72,504.6,2011,8.27,
76,Nikola Vucevic,C,USC,598,30.3,16.1,10.2,2.6,0.9,0.9,0.499,0.517,0.335,0.746,48.1,0.023227498,23.12297426,12.48851287,1.2,23.45,35.93851287,1.81,501.1,2011,8.24,
77,Iman Shumpert,G,Georgia Tech,459,25,7.2,3.3,1.8,1.1,0.3,0.392,0.438,0.338,0.764,12.9,0.022103587,22.00412086,-4.552060429,10.63333333,1.133333333,-3.418727096,-0.26,379.5,2011,7.32,
78,Chris Singleton,F,Florida State,148,17.6,4.1,3.2,0.6,0.8,0.4,0.376,0.4,0.319,0.633,2.3,0.021166994,21.07174253,-9.385871264,30.53333333,-14.11666667,-23.50253793,-1.31,283.8,2011,5.15,
79,Tobias Harris,F,Tennessee,618,30.8,15.9,6.1,2,0.7,0.5,0.471,0.512,0.365,0.82,45.7,0.020136743,20.04612766,12.82693617,22.23333333,11.73333333,24.56026951,1.21,356.2,2011,5.23,
80,Donatas Motiejunas,F,,251,18.2,7.3,3.8,1.1,0.5,0.3,0.469,0.529,0.3,0.597,7.1,0.019293809,19.20698686,-6.05349343,19.93333333,-6.416666667,-12.4701601,-0.73,246.875,2011,,
81,Nolan Smith,G,Duke,84,9.9,3.3,1,1.2,0.3,0,0.371,0.407,0.26,0.714,-0.8,0.018450876,18.36784706,-9.583923529,11.9,-6.35,-15.93392353,-0.92,470.2,2011,9.57,
82,Kenneth Faried,F,Morehead State University,478,24.5,11.4,8.1,1,0.7,0.8,0.546,0.55,0.222,0.654,38.8,0.017607942,17.52870626,10.63564687,32.03333333,3.383333333,14.0189802,0.66,705.1,2011,9.19,
83,Nikola Mirotic,F,,319,24.2,12.3,5.9,1.3,0.8,0.7,0.423,0.502,0.359,0.808,20.8,0.016858668,16.78280399,2.008598003,25,-2.1,-0.091401997,-0.08,182.5,2011,,
84,Reggie Jackson,G,Boston College,561,25.2,12.8,3,4.4,0.7,0.1,0.428,0.469,0.337,0.858,29.4,0.016109394,16.03690173,6.681549137,3.1,13.15,19.83154914,0.96,454.6,2011,8.27,
85,MarShon Brooks,G,Providence,200,17.3,8,2.1,1.4,0.6,0.2,0.447,0.478,0.345,0.751,3.3,0.01536012,15.29099946,-5.99549973,10.03333333,-3.366666667,-9.362166397,-0.57,493.375,2011,8.14,
86,Jordan Hamilton,G,Texas,151,13.9,5.9,2.8,0.8,0.5,0.2,0.408,0.451,0.357,0.67,3,0.014610846,14.54509719,-5.772548597,16.53333333,-6.766666667,-12.53921526,-0.74,457.2,2011,7.86,
87,JaJuan Johnson,F,Purdue,36,8.3,3.2,1.6,0.2,0.1,0.4,0.446,0.446,,0.667,0.2,0.013955231,13.89243246,-6.84621623,28.26666667,-14.03333333,-20.87954956,-1.18,527.9,2011,9.43,
88,Norris Cole,G,Cleveland State University,360,22.3,7,2,2.7,0.8,0.1,0.407,0.436,0.324,0.743,3,0.013393275,13.33300526,-5.166502631,18.96666667,-7.983333333,-13.14983596,-0.77,549,2011,10.78,
89,Cory Joseph,G,Texas,600,21.9,6.9,2.6,2.9,0.8,0.2,0.441,0.475,0.332,0.769,24.1,0.01273766,12.68034053,5.709829735,10.83333333,6.633333333,12.34316307,0.57,278.4,2011,5.19,
90,Jimmy Butler,F,Marquette,581,33,17,5.1,3.7,1.6,0.5,0.454,0.487,0.333,0.835,75.1,0.012175705,12.12091433,31.48954284,3.2,35.95,67.43954284,3.47,470.25,2011,7.15,
91,Bojan Bogdanovic,G,,462,28.5,14.2,3.5,1.5,0.6,0.1,0.46,0.513,0.394,0.858,22.5,0.01152009,11.4682496,5.515875203,3.466666667,9.516666667,15.03254187,0.71,71.125,2011,,
92,Justin Harper,F,Richmond,22,6.8,2,0.8,0.2,0.1,0.1,0.34,0.417,0.276,0.333,-0.3,0.010958134,10.9088224,-5.604411199,3.733333333,-2.016666667,-7.621077865,-0.48,494,2011,8.06,
93,Kyle Singler,F,Duke,356,21.9,6.5,2.9,0.8,0.6,0.3,0.418,0.458,0.362,0.786,10,0.010489838,10.44263373,-0.221316864,0.4,4.8,4.578683136,0.16,383.9,2011,7.03,
94,Shelvin Mack,G,Butler,456,18.4,6.6,2,3.1,0.7,0.1,0.423,0.47,0.33,0.731,10.3,0.009927882,9.883206531,0.208396735,0.2,5.05,5.258396735,0.2,353,2011,4.46,
95,Tyler Honeycutt,F,UCLA,24,5,1.2,1,0.4,0.2,0.2,0.314,0.333,0.2,0.714,-0.1,0.009459586,9.417017863,-4.758508932,10.06666667,-5.083333333,-9.841842265,-0.6,368,2011,3.29,
96,Jordan Williams,F,Maryland,43,14.8,4.6,3.6,0.3,0.5,0.3,0.507,0.507,,0.652,1.3,0.00889763,8.857590665,-3.778795333,14.03333333,-6.366666667,-10.145462,-0.61,491.8,2011,7.58,
97,Trey Thompkins,F,Georgia,24,5,2.4,1,0.1,0.1,0.1,0.393,0.417,0.308,0.714,0,0.008429334,8.391401997,-4.195700999,18.33333333,-9.166666667,-13.36236767,-0.78,348.4,2011,4.8,
98,Chandler Parsons,F,Florida,440,30.1,12.7,4.5,2.7,0.9,0.3,0.462,0.521,0.373,0.713,28.9,0.007961038,7.925213329,10.48739334,13.3,7.8,18.28739334,0.88,428.6,2011,4.89,
99,Jeremy Tyler,C,,104,9.9,3.6,2.6,0.2,0.2,0.4,0.45,0.451,0,0.557,0.3,0.007492741,7.459023666,-3.579511833,1.05,-0.375,-3.954511833,-0.29,0,2011,,
100,Jon Leuer,F,Wisconsin,377,15.8,6.4,3.8,0.8,0.4,0.3,0.484,0.52,0.328,0.767,13.2,0.007024445,6.992834998,3.103582501,9.066666667,2.066666667,5.170249168,0.19,418.8,2011,8.5,
101,Darius Morris,G,Michigan,132,11.1,3.3,1,1.4,0.3,0,0.384,0.416,0.322,0.63,-0.3,0.006649808,6.619883864,-3.459941932,0.3,-0.3,-3.759941932,-0.28,405.1,2011,7.12,
102,Davis Bertans,F,,274,18.6,8,2.8,1.1,0.4,0.4,0.441,0.526,0.411,0.849,12.9,0.006181512,6.153695196,3.373152402,4.766666667,4.066666667,7.439819069,0.31,0,2011,,
103,Malcolm Lee,G,UCLA,36,14.8,3.9,1.8,1.4,0.6,0.3,0.382,0.412,0.294,0.703,0.4,0.005806875,5.780744063,-2.690372031,0.2,0.1,-2.590372031,-0.22,218.2,2011,3.82,
104,Charles Jenkins,G,Hofstra,110,12.1,3.7,0.9,1.9,0.4,0.1,0.434,0.449,0.182,0.754,0.5,0.005432238,5.407792929,-2.453896465,-0.2,0.35,-2.103896465,-0.19,518.6,2011,8.75,
105,Josh Harrellson,C,Kentucky,75,11.8,3.5,3,0.3,0.4,0.5,0.438,0.497,0.347,0.629,2.1,0.004963941,4.941603266,-1.420801633,0,1.05,-0.370801633,-0.1,443.2,2011,6.86,
106,Andrew Goudelock,G,College of Charleston,49,9.7,4,0.7,0.5,0.2,0,0.393,0.429,0.345,0.875,0,0.004589304,4.568652132,-2.284326066,-0.2,0.1,-2.184326066,-0.19,461,2011,6.97,
107,Travis Leslie,G,Georgia,10,4.5,1.4,0.9,0.5,0.2,0.2,0.357,0.357,,0.444,0.1,0.004214667,4.195700999,-2.047850499,0.3,-0.1,-2.147850499,-0.19,413.8,2011,7.07,
108,Keith Benson,C,Oakland,3,3,0,1,0,0,0,0,0,,,0,0.00384003,3.822749865,-1.911374933,0,0,-1.911374933,-0.18,579.8,2011,6.28,
109,Josh Selby,G,Kansas,38,7.8,2.2,0.5,0.9,0.2,0,0.33,0.384,0.143,0.72,-0.7,0.003465393,3.449798732,-2.074899366,5.333333333,-3.016666667,-5.091566032,-0.35,96.375,2011,0.87,
110,Lavoy Allen,F,Temple,388,17.8,4.8,4.8,1,0.3,0.6,0.471,0.474,0.133,0.682,13.8,0.003184415,3.170085133,5.314957434,0.166666667,6.816666667,12.1316241,0.56,405.9,2011,4.25,
111,Jon Diebler,G,Ohio State,,,,,,,,,,,,,0.002809778,2.797133999,-1.398567,5.333333333,-2.666666667,-4.065233666,-0.29,378.4,2011,7.19,
112,Vernon Macklin,F,Florida,23,5.9,2,1.5,0.2,0.2,0.2,0.543,0.543,,0.571,0.5,0.002435141,2.424182866,-0.962091433,0,0.25,-0.712091433,-0.12,278.5,2011,4.04,
113,DeAndre Liggins,G,Kentucky,177,10.8,2,1.4,0.7,0.6,0.2,0.402,0.432,0.352,0.549,1.6,0.002154163,2.144469267,-0.272234633,19.9,-9.15,-9.422234633,-0.57,278.9,2011,3.37,
114,Milan Macvan,F,,,,,,,,,,,,,,0.001779526,1.771518133,-0.885759067,0,0,-0.885759067,-0.13,0,2011,,
115,E'Twaun Moore,G,Purdue,571,21.3,8.1,2,1.8,0.7,0.2,0.455,0.488,0.39,0.738,14.4,0.001498548,1.491804534,6.454097733,22.65,-4.125,2.329097733,0.04,403.1,2011,6.75,
116,Chukwudiebere Maduabum,F,,,,,,,,,,,,,,0.001123911,1.118853401,-0.5594267,0,0,-0.5594267,-0.11,0,2011,,
117,Targuy Ngombo,,,,,,,,,,,,,,,0.000842933,0.839139802,-0.419569901,0,0,-0.419569901,-0.1,0,2011,,
118,Ater Majok,F,,,,,,,,,,,,,,0.000561956,0.559427198,-0.279713599,0,0,-0.279713599,-0.09,0,2011,,
119,çd‡m Hanga,G,,,,,,,,,,,,,,0.000187319,0.186476065,-0.093238032,45.3,-22.65,-22.74323803,-1.27,0,2011,,
120,Isaiah Thomas,G,Washington,525,28.9,18.1,2.5,5,0.9,0.1,0.436,0.482,0.364,0.872,45.3,-0.0000937,-0.09327835,22.69663918,0,22.65,45.34663918,2.31,411,2011,7.41,
121,Anthony Davis,F,Kentucky,528,34.5,24,10.4,2.2,1.4,2.4,0.515,0.534,0.319,0.802,83.1,0.07202398,54.67340322,14.21329839,19.96666667,31.56666667,45.77996506,2.76,789.1,2012,13.81,
122,Michael Kidd-Gilchrist,F,Kentucky,446,24.6,8.4,5.4,1.2,0.7,0.7,0.474,0.481,0.272,0.715,21,0.05984827,45.43082176,-12.21541088,20.36666667,0.316666667,-11.89874421,-0.87,424.5,2012,7.02,
123,Bradley Beal,G,Florida,545,34.6,21,4,4,1.1,0.4,0.452,0.492,0.38,0.807,41.5,0.05263651,39.95637474,0.77181263,34.06666667,3.716666667,4.488479296,0.16,431.9,2012,7.27,
124,Dion Waiters,G,Syracuse,419,28.2,13.1,2.6,2.8,0.9,0.3,0.412,0.444,0.346,0.694,8.8,0.04757891,36.11715058,-13.65857529,38.93333333,-15.06666667,-28.72524196,-1.93,311.75,2012,7.46,
125,Thomas Robinson,F,Kansas,313,13.4,4.9,4.8,0.6,0.5,0.4,0.47,0.472,0,0.505,4.6,0.04364522,33.1310865,-14.26554325,26.13333333,-10.76666667,-25.03220992,-1.7,580.6,2012,8.73,
126,Damian Lillard,G,Weber State,615,36.4,24.2,4.2,6.5,1,0.3,0.437,0.485,0.373,0.889,81.9,0.0404608,30.71379328,25.59310336,11.96666667,34.96666667,60.55977003,3.69,518.4,2012,7.89,
127,Harrison Barnes,F,UNC,612,31.2,13.7,4.9,1.6,0.7,0.2,0.448,0.478,0.375,0.796,34.3,0.03774469,28.65199418,2.824002911,14.7,9.8,12.62400291,0.67,340.1,2012,4.03,
128,Terrence Ross,F,Washington,561,24.7,11,2.8,1.1,0.9,0.3,0.42,0.477,0.37,0.828,22.2,0.0354032,26.87456912,-2.33728456,13,4.6,2.26271544,0.02,373.9,2012,5.55,
129,Andre Drummond,C,UConn,599,31,14.5,13.8,1.3,1.4,1.6,0.542,0.548,0.146,0.461,60.6,0.0333427,25.31044357,17.64477822,12.06666667,24.26666667,41.91144488,2.52,354.75,2012,4.14,
130,Austin Rivers,G,Duke,552,24.5,9.2,2.1,2.3,0.7,0.2,0.418,0.462,0.348,0.644,11.5,0.03146951,23.88850504,-6.194252521,16.13333333,-2.316666667,-8.510919187,-0.66,236,2012,3.78,
131,Meyers Leonard,C,Illinois,444,16.1,5.6,3.9,0.9,0.2,0.3,0.482,0.549,0.39,0.811,15.5,0.02978365,22.60876872,-3.554384358,10.43333333,2.533333333,-1.021051024,-0.19,385.9,2012,6.33,
132,Jeremy Lamb,G,UConn,481,21.2,10.5,3.7,1.6,0.7,0.4,0.444,0.5,0.339,0.851,23.4,0.0282851,21.47121941,0.964390295,9.333333333,7.033333333,7.997723628,0.38,374.125,2012,6.98,
133,Kendall Marshall,G,UNC,160,19.3,5,1.6,4.9,0.7,0.1,0.399,0.422,0.37,0.611,1,0.02688021,20.40476741,-9.702383706,9.066666667,-4.033333333,-13.73571704,-0.99,437.6,2012,5.58,
134,John Henson,C,UNC,445,19.7,7.6,5.3,1.1,0.5,1.4,0.54,0.549,0.25,0.568,20.7,0.02556898,19.40941272,0.645293641,5.5,7.6,8.245293641,0.4,496.6,2012,5.49,
135,Maurice Harkless,F,St. John's,537,23.1,7.2,3.7,0.9,1,0.7,0.478,0.547,0.325,0.612,21.9,0.02435141,18.48515533,1.707422335,10.6,5.65,7.357422335,0.34,379.625,2012,4.63,
136,Royce White,F,Iowa State,3,3,0,0,0,0,0,0,0,,,0,0.0232275,17.63199525,-8.815997625,11.86666667,-5.933333333,-14.74933096,-1.05,458.9,2012,4.34,
137,Tyler Zeller,F,UNC,414,17.5,6.9,4.4,0.9,0.3,0.6,0.508,0.512,0.286,0.764,17.1,0.02210359,16.77883517,0.160582416,11.26666667,2.916666667,3.077249082,0.07,553,2012,8.65,
138,Terrence Jones,F,Kentucky,234,23.8,10.4,5.7,1,0.6,1.2,0.501,0.539,0.297,0.621,14.7,0.02116699,16.06786211,-0.683931055,6.933333333,3.883333333,3.199402279,0.08,431.8,2012,6.61,
139,Andrew Nicholson,F,St. Bonaventure,285,14.3,6,3,0.4,0.3,0.3,0.467,0.498,0.321,0.773,3.8,0.02013674,15.28579933,-5.742899667,6.233333333,-1.216666667,-6.959566334,-0.56,454.9,2012,7.54,
140,Evan Fournier,G,,523,28.4,14.1,2.7,2.6,0.8,0.1,0.449,0.502,0.375,0.807,24,0.01929381,14.64593117,4.677034415,0.633333333,11.68333333,16.36036775,0.91,201.25,2012,,
141,Jared Sullinger,F,Ohio State,269,24.3,10.8,7.5,1.8,0.7,0.6,0.436,0.476,0.272,0.723,15.3,0.01845088,14.00606301,0.646968496,1.566666667,6.866666667,7.513635163,0.35,518.8,2012,9.36,
142,Fab Melo,C,Syracuse,6,6,1.2,0.5,0,0.3,0.3,0.5,0.5,,0.25,0,0.01760794,13.36618725,-6.683093627,6.133333333,-3.066666667,-9.749760294,-0.74,271.5,2012,4.15,
143,John Jenkins,G,Vanderbilt,171,12.8,5,1.5,0.8,0.2,0.1,0.441,0.503,0.367,0.847,3,0.01685867,12.7974164,-4.898708199,-0.666666667,1.833333333,-3.065374865,-0.31,380.9,2012,8.59,
144,Jared Cunningham,G,Oregon State,84,7.2,2.3,0.7,0.5,0.3,0,0.347,0.369,0.306,0.674,0.2,0.01610939,12.22863795,-6.014318975,3.866666667,-1.833333333,-7.847652308,-0.62,388.2,2012,4.58,
145,Tony Wroten,G,Washington,145,21.2,11.1,2.5,3,0.9,0.2,0.413,0.477,0.231,0.647,-1.3,0.01536012,11.65986709,-6.479933546,4.766666667,-3.033333333,-9.513266879,-0.72,305.2,2012,2.87,
146,Miles Plumlee,C,Duke,346,16.4,4.9,4.5,0.5,0.4,0.7,0.542,0.542,,0.543,10.6,0.01461085,11.09109624,-0.245548118,3.833333333,3.383333333,3.137785216,0.08,280.5,2012,4.25,
147,Arnett Moultrie,F,Mississippi State,59,12.4,3.6,3.1,0.2,0.4,0.2,0.547,0.547,,0.667,1.7,0.01395523,10.59341509,-4.446707547,11.83333333,-5.066666667,-9.513374213,-0.72,425.9,2012,4.77,
148,Perry Jones,F,Baylor,143,11.7,3.4,1.8,0.4,0.3,0.2,0.42,0.466,0.293,0.66,1.7,0.01339328,10.16683885,-4.233419424,26.06666667,-12.18333333,-16.41675276,-1.16,340.5,2012,4.46,
149,Marquis Teague,G,Kentucky,91,10,2.4,1,1.5,0.3,0.1,0.343,0.369,0.222,0.661,-0.9,0.01273766,9.669157706,-5.284578853,11.93333333,-6.416666667,-11.70124552,-0.86,255.9,2012,2.83,
150,Festus Ezeli,C,Vanderbilt,170,14.1,4.2,4.3,0.4,0.3,1,0.513,0.513,,0.557,5.9,0.01217571,9.242581461,-1.671290731,1.866666667,2.016666667,0.345375936,-0.1,189.125,2012,2.25,
151,Jeffery Taylor,F,Vanderbilt,132,19.4,6.1,2,0.8,0.5,0.2,0.409,0.458,0.319,0.665,1.3,0.01152009,8.744900319,-3.72245016,28.53333333,-13.61666667,-17.33911683,-1.21,383.4,2012,6.82,
152,Tomas Satoransky,G,,275,23.3,7.4,3.1,4.1,0.9,0.1,0.469,0.514,0.369,0.817,13.8,0.01095813,8.318316483,2.740841759,7.033333333,3.383333333,6.124175092,0.26,85.5,2012,,
153,Bernard James,C,Florida State,92,8.3,2.2,2.3,0.1,0.2,0.7,0.497,0.507,0,0.68,1.9,0.01048984,7.962837544,-3.031418772,1.3,0.3,-2.731418772,-0.29,397,2012,5.58,
154,Jae Crowder,F,Marquette,608,24.7,9.6,4.1,1.5,1,0.3,0.421,0.515,0.34,0.778,32.5,0.00992788,7.536253708,12.48187315,17.66666667,7.416666667,19.89853981,1.13,569.75,2012,12.43,
155,Draymond Green,F,Michigan State,576,28.1,9,6.9,5,1.4,1.1,0.435,0.506,0.319,0.71,44.4,0.00945959,7.180774769,18.60961262,15.83333333,14.28333333,32.89294595,1.95,562.9,2012,10.19,
156,Orlando Johnson,G,UC Santa Barbara,103,10.8,3.2,1.7,0.7,0.2,0.1,0.358,0.398,0.311,0.727,1.4,0.00889763,6.754190933,-2.677095467,6.6,-2.6,-5.277095467,-0.45,390,2012,3.79,
157,Quincy Acy,F,Baylor,337,16,4.9,3.5,0.6,0.4,0.4,0.444,0.506,0.35,0.759,8.7,0.00842933,6.398704403,1.150647799,18.2,-4.75,-3.599352202,-0.35,430,2012,6.82,
158,Quincy Miller,F,Baylor,69,13.5,4.3,2.4,0.5,0.4,0.5,0.35,0.383,0.292,0.706,-0.1,0.00796104,6.043225464,-3.071612732,20.2,-10.15,-13.22161273,-0.95,269,2012,3.37,
159,Khris Middleton,F,Texas A&M,517,31.5,16.3,4.6,3.4,1.2,0.2,0.458,0.492,0.392,0.876,38.9,0.00749274,5.687738934,16.60613053,7.333333333,15.78333333,32.38946387,1.92,147.25,2012,1.22,
160,Will Barton,G,Memphis,496,24.4,11.1,4.2,2.5,0.7,0.4,0.434,0.481,0.347,0.786,20.6,0.00702445,5.332259995,7.633870003,-0.2,10.4,18.03387,1.01,516.6,2012,9.06,
161,Tyshawn Taylor,G,Kansas,61,8,2.9,0.5,0.9,0.4,0,0.354,0.353,0.36,0.684,-0.9,0.00664981,5.047870771,-2.973935386,16.1,-8.5,-11.47393539,-0.84,354.6,2012,5.7,
162,Doron Lamb,G,Kentucky,100,12.7,3.5,1,0.8,0.2,0,0.381,0.372,0.394,0.7,0.1,0.00618151,4.692384241,-2.296192121,-0.133333333,0.116666667,-2.179525454,-0.26,302.1,2012,6.46,
163,Mike Scott,F,Virginia,504,16.5,7,3.2,0.9,0.3,0.1,0.459,0.525,0.364,0.759,15.8,0.00580688,4.408002608,5.695998696,8,3.9,9.595998696,0.48,418.2,2012,7.63,
164,Kim English,G,Missouri,41,9.9,2.9,0.9,0.6,0.4,0.1,0.375,0.452,0.28,0.724,0.2,0.00543224,4.123613384,-1.961806692,-0.2,0.2,-1.761806692,-0.23,345.5,2012,5.28,
165,Justin Hamilton,C,LSU,113,17.4,6.1,3.6,0.8,0.5,0.6,0.464,0.56,0.309,0.798,3.7,0.00496394,3.768126854,-0.034063427,0.866666667,1.416666667,1.38260324,-0.03,339.9,2012,4.53,
166,Darius Miller,F,Kentucky,253,20.4,6,1.7,1.4,0.4,0.2,0.418,0.495,0.382,0.83,5.9,0.0045893,3.48373763,1.208131185,6,-0.05,1.158131185,-0.05,262.6,2012,4.18,
167,Kevin Murphy,G,Tennessee Technological University,17,3.1,0.9,0.2,0.1,0.1,0,0.25,0.261,0.2,,-0.3,0.00421467,3.199355997,-1.749677999,-0.15,-0.075,-1.824677999,-0.24,318.1,2012,0.99,
168,Kostas Papanikolaou,F,,69,15.8,3.6,2.3,1.5,0.6,0.3,0.354,0.416,0.297,0.688,0.3,0.00384003,2.914966773,-1.307483387,6.366666667,-3.033333333,-4.34081672,-0.4,163.125,2012,,
169,Kyle O'Quinn,F,Norfolk State,472,14.2,5.4,4.6,1.4,0.4,1,0.517,0.539,0.218,0.74,17.8,0.00346539,2.630577549,7.584711226,0.366666667,8.716666667,16.30137789,0.91,543.5,2012,5.05,
170,Izzet TŸrkyõlmaz,C,,,,,,,,,,,,,,0.00318442,2.417293222,-1.208646611,1.3,-0.65,-1.858646611,-0.24,0,2012,,
171,Kris Joseph,F,Syracuse,10,5.4,0.9,0.7,0.1,0.3,0,0.143,0.182,0,0.625,-0.1,0.00280978,2.132903998,-1.116451999,0.4,-0.25,-1.366451999,-0.21,332.125,2012,5.99,
172,Ognjen Kuzmic,C,,37,4.4,0.9,1,0.2,0.1,0.1,0.52,0.52,,0.6,0.2,0.00243514,1.848514774,-0.824257387,2.4,-1.1,-1.924257387,-0.24,0,2012,,
173,Furkan Aldemir,F,,41,13.2,2.3,4.3,0.7,0.4,0.4,0.513,0.548,0,0.481,1.4,0.00215416,1.635222856,-0.117611428,-0.066666667,0.733333333,0.615721905,-0.08,0,2012,,
174,Tornike Shengelia,F,,45,5.5,1.3,0.9,0.4,0.1,0,0.451,0.512,0.125,0.5,-0.2,0.00177953,1.350841223,-0.775420612,0.633333333,-0.416666667,-1.192087278,-0.2,0,2012,,
175,Darius Johnson-Odom,G,Marquette,7,3,0,0.9,0.3,0.1,0,0,0,0,0,-0.3,0.00149855,1.137549305,-0.718774653,0,-0.15,-0.868774653,-0.18,284.375,2012,5.88,
176,Tomislav Zubcic,F,,,,,,,,,,,,,,0.00112391,0.853160081,-0.426580041,0.95,-0.475,-0.901580041,-0.18,0,2012,,
177,Ilkan Karaman,F,,,,,,,,,,,,,,0.00084293,0.639868163,-0.319934082,1.9,-0.95,-1.269934082,-0.2,0,2012,,
178,Robbie Hummel,F,Purdue,98,14.3,3.9,2.7,0.5,0.3,0.1,0.418,0.469,0.343,0.867,1.9,0.00056196,0.426583836,0.736708082,0,0.95,1.686708082,-0.02,436.9,2012,7.3,
179,Marcus Denmon,G,Missouri,,,,,,,,,,,,,0.00018732,0.142194612,-0.071097306,0,0,-0.071097306,-0.13,452,2012,7.92,
180,Robert Sacre,C,Gonzaga,189,14.5,4.2,3.1,0.7,0.3,0.6,0.436,0.437,0,0.671,2.4,-0.0000937,-0.07112767,1.235563835,0,1.2,2.435563835,0.03,299.1,2012,3.58,
181,Anthony Bennett,F,UNLV,151,12.6,4.4,3.1,0.5,0.4,0.2,0.392,0.427,0.261,0.67,0.5,0.07202398,46.88761098,-23.19380549,34.26666667,-16.88333333,-40.07713882,-2.92,444.6,2013,6.23,
182,Victor Oladipo,G,Indiana,421,33,17.3,4.6,3.9,1.7,0.5,0.441,0.481,0.35,0.794,24.3,0.05984827,38.96122377,-7.330611885,15.73333333,4.283333333,-3.047278552,-0.28,461.2,2013,10.53,
183,Otto Porter,F,Georgetown,413,26.8,11,4.9,1.5,1.2,0.4,0.482,0.528,0.404,0.789,29.9,0.05263651,34.26636801,-2.183184005,27.86666667,1.016666667,-1.166517338,-0.15,458.875,2013,10.89,
184,Cody Zeller,C,Indiana,419,22.9,8.6,6,1.4,0.7,0.7,0.513,0.525,0.248,0.731,27.7,0.04757891,30.97387041,-1.636935205,28.26666667,-0.283333333,-1.920268538,-0.2,481.4,2013,9.73,
185,Alex Len,C,Maryland,467,19.6,8,6.3,0.8,0.4,1,0.495,0.513,0.333,0.69,18,0.04364522,28.41303822,-5.20651911,31.8,-6.9,-12.10651911,-0.93,415.4,2013,4.64,
186,Nerlens Noel,C,Kentucky,361,22.1,8,6.2,1.2,1.3,1.4,0.543,0.543,0.286,0.648,21.6,0.0404608,26.3399808,-2.3699904,26.6,-2.5,-4.8699904,-0.41,392,2013,6.27,
187,Ben McLemore,G,Kansas,439,23.6,9,2.4,1.1,0.7,0.2,0.421,0.477,0.366,0.779,8,0.03774469,24.57179319,-8.285896595,23.73333333,-7.866666667,-16.15256326,-1.22,416.5,2013,7.33,
188,Kentavious Caldwell-Pope,G,Georgia,539,29.2,11.6,3.2,1.6,1.1,0.2,0.418,0.478,0.349,0.797,27.6,0.0354032,23.0474832,2.2762584,16.9,5.35,7.6262584,0.48,424.9,2013,9.97,
189,Trey Burke,G,Michigan,394,23,10.6,2,3.5,0.6,0.1,0.41,0.445,0.345,0.8,11.6,0.0333427,21.7060977,-5.05304885,18.6,-3.5,-8.55304885,-0.67,562.5,2013,12.19,
190,CJ McCollum,G,Lehigh,481,30.9,18.5,3.3,3.1,0.9,0.4,0.454,0.484,0.397,0.827,32,0.03146951,20.48665101,5.756674495,9.4,11.3,17.0566745,1.16,601.75,2013,8.65,
191,Michael Carter-Williams,G,Syracuse,360,25.3,10.4,4.4,4.4,1.3,0.5,0.402,0.437,0.256,0.713,7.1,0.02978365,19.38915615,-6.144578075,7.3,-0.1,-6.244578075,-0.51,506.75,2013,8.6,
192,Steven Adams,C,Pitt,530,26.8,9.8,7.6,1.2,0.9,1,0.589,0.59,0.1,0.557,45.2,0.0282851,18.4136001,13.39319995,20.66666667,12.26666667,25.65986662,1.77,293.25,2013,4.72,
193,Kelly Olynyk,C,Gonzaga,500,21.3,9.7,4.8,1.9,0.7,0.4,0.476,0.549,0.373,0.775,28.6,0.02688021,17.49901671,5.550491645,22.56666667,3.016666667,8.567158312,0.55,446.2,2013,8.3,
194,Shabazz Muhammad,F,UCLA,278,17.2,9,2.8,0.5,0.3,0.1,0.473,0.51,0.319,0.751,8.5,0.02556898,16.64540598,-4.07270299,25.03333333,-8.266666667,-12.33936966,-0.94,286,2013,3.4,
195,Giannis Antetokounmpo,F,,528,32.5,20.1,8.9,4.3,1.2,1.3,0.526,0.568,0.284,0.722,64.4,0.02435141,15.85276791,24.27361605,3.633333333,30.38333333,54.65694938,3.84,0,2013,,
196,Lucas Nogueira,C,,141,12.4,3.2,2.8,0.5,0.6,1,0.632,0.681,0.265,0.64,6,0.0232275,15.1211025,-4.56055125,41.76666667,-17.88333333,-22.44388458,-1.66,194.75,2013,,
197,Dennis Schršder,G,,496,25.5,14.1,2.8,4.6,0.8,0.1,0.436,0.474,0.337,0.828,16.7,0.02210359,14.38943709,1.155281455,7.1,4.8,5.955281455,0.36,202.125,2013,,
198,Shane Larkin,G,Miami (FL),256,19.1,5.5,1.9,2.9,0.9,0.1,0.422,0.454,0.336,0.777,4.4,0.02116699,13.77971049,-4.689855245,12.13333333,-3.866666667,-8.556521912,-0.67,428.8,2013,8.22,
199,Sergey Karasev,G,,95,11.7,3,1.5,0.9,0.3,0,0.395,0.489,0.282,0.842,0.8,0.02013674,13.10901774,-6.15450887,15.3,-7.25,-13.40450887,-1.02,358.875,2013,,
200,Tony Snell,G,New Mexico,501,22.5,6.5,2.3,1.2,0.5,0.2,0.428,0.487,0.385,0.838,16.1,0.01929381,12.56027031,1.769864845,14.16666667,0.966666667,2.736531512,0.13,268.5,2013,2.67,
201,Gorgui Dieng,C,Louisville,515,22,7.9,6.1,1.4,0.8,1,0.5,0.519,0.342,0.788,27.4,0.01845088,12.01152288,7.69423856,34.9,-3.75,3.94423856,0.22,457.75,2013,7.52,
202,Mason Plumlee,C,Duke,532,21.6,8.3,6.2,2.2,0.8,0.9,0.574,0.58,0.063,0.562,34.3,0.01760794,11.46276894,11.41861553,23.46666667,5.416666667,16.8352822,1.14,546.8,2013,9.66,
203,Solomon Hill,F,Arizona,364,22,5.8,3.2,1.6,0.7,0.2,0.395,0.446,0.336,0.801,10.7,0.01685867,10.97499417,-0.137497085,0.033333333,5.333333333,5.195836248,0.31,358.2,2013,5.17,
204,Tim Hardaway,G,Michigan,474,26.6,13.5,2.7,1.9,0.6,0.1,0.421,0.489,0.353,0.816,19.5,0.01610939,10.48721289,4.506393555,8.033333333,5.733333333,10.23972689,0.67,328.9,2013,4.64,
205,Reggie Bullock,G,UNC,301,19.7,6.9,2.1,1.1,0.5,0.1,0.43,0.491,0.385,0.826,10.3,0.01536012,9.99943812,0.15028094,4.466666667,2.916666667,3.066947607,0.16,467.9,2013,7.47,
206,Andre Roberson,G,Colorado,302,22.3,4.6,4,0.9,0.9,0.7,0.477,0.604,0.255,0.468,12.7,0.01461085,9.51166335,1.594168325,4.8,3.95,5.544168325,0.33,416.8,2013,6.88,
207,Rudy Gobert,C,,474,29.5,11.7,11,1.4,0.7,2.2,0.64,0.64,0,0.631,63.6,0.01395523,9.08485473,27.25757264,4,29.8,57.05757264,4.01,240.375,2013,,
208,Livio Jean-Charles,F,,,,,,,,,,,,,,0.01339328,8.71902528,-4.35951264,4.433333333,-2.216666667,-6.576179307,-0.53,84.125,2013,,
209,Archie Goodwin,G,Kentucky,165,14.5,6.3,2,1.2,0.4,0.2,0.429,0.484,0.236,0.7,1.1,0.01273766,8.29221666,-3.59610833,6.1,-2.5,-6.09610833,-0.5,234.8,2013,1.39,
210,Nemanja Nedovic,G,,24,5.9,1.1,0.6,0.5,0,0,0.205,0.238,0.167,0.875,-0.4,0.01217571,7.92638721,-4.163193605,6.233333333,-3.316666667,-7.479860272,-0.6,34,2013,,
211,Allen Crabbe,G,California,381,24,9.1,2.8,1.1,0.6,0.3,0.425,0.471,0.387,0.831,13.7,0.01152009,7.49957859,3.100210705,3.1,5.3,8.400210705,0.54,391.6,2013,6.59,
212,çlex Abrines,G,,174,16,5.3,1.4,0.5,0.5,0.1,0.387,0.443,0.368,0.88,5,0.01095813,7.13374263,-1.066871315,1.366666667,1.816666667,0.749795352,-0.01,35.25,2013,,
213,Carrick Felix,G,Arizona State,7,5.4,2.7,0.9,0.6,0,0,0.5,0.556,0.4,0.75,0,0.01048984,6.82888584,-3.41444292,2.066666667,-1.033333333,-4.447776253,-0.38,437.5,2013,5.14,
214,Isaiah Canaan,G,Murray State,235,20.4,8.1,1.9,1.9,0.6,0.1,0.371,0.404,0.351,0.836,4.3,0.00992788,6.46304988,-1.08152494,0.933333333,1.683333333,0.601808393,-0.02,376.6,2013,5.7,
215,Glen Rice,G,Georgia Tech,16,9.5,2.7,1.5,0.6,0.4,0.1,0.269,0.286,0.25,0.692,-0.2,0.00945959,6.15819309,-3.179096545,1,-0.6,-3.779096545,-0.33,219,2013,,
216,Ray McCallum,G,Detroit Mercy,154,18.2,6,2,2.4,0.5,0.2,0.408,0.43,0.335,0.711,2.1,0.00889763,5.79235713,-1.846178565,0.3,0.9,-0.946178565,-0.13,479.1,2013,8.28,
217,Tony Mitchell,F,University of North Texas,21,3.8,1,1.2,0.1,0.3,0.1,0.417,0.364,1,0.579,0.2,0.00842933,5.48749383,-2.643746915,4.366666667,-2.083333333,-4.727080248,-0.4,362.4,2013,2.18,
218,Nate Wolters,G,South Dakota State,84,18.8,5.5,2.2,2.5,0.5,0.2,0.423,0.452,0.261,0.635,0.9,0.00796104,5.18263704,-2.14131852,-0.2,0.55,-1.59131852,-0.18,573,2013,9.37,
219,Jeff Withey,C,Kansas,206,10.1,3.2,2.5,0.3,0.3,0.8,0.525,0.537,0.143,0.716,6.8,0.00749274,4.87777374,0.96111313,2.6,2.1,3.06111313,0.16,551,2013,8.3,
220,Grant Jerrett,F,Arizona,8,6.4,2,1.1,0.4,0.3,0.3,0.269,0.545,0.067,1,-0.1,0.00702445,4.57291695,-2.336458475,5.4,-2.75,-5.086458475,-0.43,179,2013,2.44,
221,Jamaal Franklin,G,San Diego State,24,7.3,1.8,1,0.4,0.2,0.1,0.415,0.393,0.462,1,0,0.00664981,4.32902631,-2.164513155,-0.166666667,0.083333333,-2.081179822,-0.21,448.9,2013,6.88,
222,Pierre Jackson,G,Baylor,8,10.5,4.4,1.1,2.4,0.3,0,0.333,0.357,0.273,0.857,0,0.00618151,4.02416301,-2.012081505,1.733333333,-0.866666667,-2.878748172,-0.27,496.8,2013,8.67,
223,Ricky Ledo,G,Providence,28,9.9,3.9,1.4,0.8,0.3,0,0.336,0.321,0.371,0.769,-0.6,0.00580688,3.78027888,-2.19013944,1.866666667,-1.233333333,-3.423472773,-0.31,0,2013,,
224,Mike Muscala,F,Bucknell,354,15.4,5.6,3.1,0.9,0.4,0.5,0.46,0.543,0.368,0.839,13.2,0.00543224,3.53638824,4.83180588,0.966666667,6.116666667,10.94847255,0.72,604.4,2013,8.9,
225,Marko Todorovic,F,,,,,,,,,,,,,,0.00496394,3.23152494,-1.61576247,5.666666667,-2.833333333,-4.449095803,-0.38,41.5,2013,,
226,Erick Green,G,Virginia Tech,52,8.7,3.1,0.7,0.8,0.3,0,0.377,0.415,0.288,0.857,0.1,0.0045893,2.9876343,-1.44381715,1.766666667,-0.833333333,-2.277150483,-0.23,465.4,2013,10.12,
227,Raul Neto,G,,253,13.8,4.9,1.3,1.9,0.5,0.1,0.446,0.485,0.379,0.789,5.7,0.00421467,2.74375017,1.478124915,-0.2,2.95,4.428124915,0.25,189.25,2013,,
228,Ryan Kelly,F,Duke,163,19.2,6,3.1,1.3,0.5,0.5,0.378,0.416,0.316,0.797,3,0.00384003,2.49985953,0.250070235,4.666666667,-0.833333333,-0.583263098,-0.1,245.4,2013,4.78,
229,Erik Murphy,F,Florida,24,2.6,0.3,0.3,0.1,0,0.2,0.231,0.3,0,,-0.1,0.00346539,2.25596889,-1.177984445,4.7,-2.4,-3.577984445,-0.32,342.6,2013,7.2,
230,James Ennis,F,Cal State Long Beach,347,20.1,6.5,3.3,0.9,0.6,0.3,0.455,0.539,0.35,0.795,14.1,0.00318442,2.07305742,6.01347129,0,7.05,13.06347129,0.87,426.6,2013,5.88,
231,Romero Osby,F,Oklahoma,,,,,,,,,,,,,0.00280978,1.82916678,-0.91458339,0,0,-0.91458339,-0.13,382.2,2013,7.67,
232,Lorenzo Brown,G,NC State,103,11.5,2.8,1.5,1.8,0.6,0.1,0.364,0.453,0.17,0.707,-0.2,0.00243514,1.58527614,-0.89263807,-0.2,0,-0.89263807,-0.13,394.2,2013,5.77,
233,Colton Iverson,C,Colorado State,,,,,,,,,,,,,0.00215416,1.40235816,-0.70117908,5.2,-2.6,-3.30117908,-0.3,445.8,2013,5.99,
234,Arsalan Kazemi,F,Oregon,,,,,,,,,,,,,0.00177953,1.15847403,-0.579237015,0,0,-0.579237015,-0.1,472.9,2013,7.64,
235,Joffrey Lauvergne,C,,208,13.6,5.6,3.8,0.9,0.3,0.2,0.479,0.52,0.285,0.719,5.2,0.00149855,0.97555605,2.112221975,0,2.6,4.712221975,0.27,45,2013,,
236,Peyton Siva,G,Louisville,24,9.3,2.3,0.6,1.4,0.4,0,0.316,0.344,0.28,0.733,-0.2,0.00112391,0.73166541,-0.465832705,0,-0.1,-0.565832705,-0.1,346.25,2013,7.67,
237,Alex Oriakhi,F,Missouri,,,,,,,,,,,,,0.00084293,0.54874743,-0.274373715,0,0,-0.274373715,-0.08,407.2,2013,6.53,
238,Deshaun Thomas,F,Ohio State,,,,,,,,,,,,,0.00056196,0.36583596,-0.18291798,0,0,-0.18291798,-0.08,411.4,2013,7.5,
239,Bojan Dubljevic,F,,,,,,,,,,,,,,0.00018732,0.12194532,-0.06097266,0,0,-0.06097266,-0.07,0,2013,,
240,Janis Timma,F,,,,,,,,,,,,,,-0.0000937,-0.0609987,0.03049935,0,0,0.03049935,-0.06,0,2013,,
241,Andrew Wiggins,F,Kansas,454,35.8,19.7,4.4,2.3,1,0.6,0.441,0.471,0.332,0.732,15,0.07202398,35.43579816,-10.21789908,18.46666667,-1.733333333,-11.95123241,-1.25,370.1,2014,6.72,
242,Jabari Parker,F,Duke,285,29,14.9,5.7,2.1,0.9,0.4,0.493,0.53,0.324,0.74,13.2,0.05984827,29.44534884,-8.12267442,17.16666667,-1.983333333,-10.10600775,-1.06,468.2,2014,8.73,
243,Joel Embiid,C,Kansas,209,30.4,23.9,11.5,3.1,0.8,1.8,0.48,0.524,0.319,0.793,22.8,0.05263651,25.89716292,-1.54858146,34.13333333,-5.666666667,-7.215248127,-0.78,339.6,2014,6.99,
244,Aaron Gordon,F,Arizona,403,28.6,12.8,6.4,2.4,0.8,0.6,0.448,0.509,0.319,0.701,21.7,0.04757891,23.40882372,-0.85441186,14.56666667,3.566666667,2.712254807,0.2,416.5,2014,6.47,
245,Dante Exum,G,,239,18.5,5.7,1.8,2.1,0.4,0.2,0.407,0.484,0.308,0.766,3.1,0.04364522,21.47344824,-9.18672412,13.13333333,-5.016666667,-14.20339079,-1.47,0,2014,,
246,Marcus Smart,G,Oklahoma State,401,28.9,9.9,3.6,4.1,1.6,0.4,0.373,0.432,0.318,0.775,20.7,0.0404608,19.9067136,0.3966432,10.23333333,5.233333333,5.629976533,0.48,448.5,2014,10.48,
247,Julius Randle,F,Kentucky,375,29.2,16.1,9,2.8,0.7,0.5,0.493,0.521,0.295,0.724,20.5,0.03774469,18.57038748,0.96480626,12.63333333,3.933333333,4.898139593,0.41,505.6,2014,7.71,
248,Nik Stauskas,G,Michigan,335,19.9,6.8,2.1,1.5,0.4,0.2,0.389,0.436,0.353,0.814,3.8,0.0354032,17.4183744,-6.8091872,9.233333333,-2.716666667,-9.525853867,-1.01,399,2014,7.65,
249,Noah Vonleh,F,Indiana,335,16.9,5,5.2,0.8,0.4,0.4,0.46,0.501,0.31,0.691,9.3,0.0333427,16.4046084,-3.5523042,16.03333333,-3.366666667,-6.918970867,-0.75,325.8,2014,5.84,
250,Elfrid Payton,G,LA-Lafayette,387,29.3,11,4.4,6.6,1.3,0.4,0.452,0.479,0.289,0.625,14.9,0.03146951,15.48299892,-0.29149946,4.7,5.1,4.80850054,0.4,527.5,2014,5.16,
251,Doug McDermott,F,Creighton,410,19.9,8.2,2.2,0.8,0.2,0.1,0.465,0.508,0.412,0.825,13.9,0.02978365,14.6535558,-0.3767779,11.2,1.35,0.9732221,0.02,556.2,2014,10.81,
252,Dario Saric,F,,306,26.5,12.2,6.2,2.1,0.6,0.2,0.441,0.501,0.358,0.837,14.7,0.0282851,13.9162692,0.3918654,6.8,3.95,4.3418654,0.36,0,2014,,
253,Zach LaVine,G,UCLA,353,30.8,17.7,3.6,3.6,1,0.3,0.447,0.484,0.375,0.819,12,0.02688021,13.22506332,-0.61253166,6.666666667,2.666666667,2.054135007,0.13,209,2014,1.67,
254,T.J. Warren,F,NC State,328,28.8,15.5,4.1,1.2,1,0.5,0.507,0.535,0.361,0.779,19.5,0.02556898,12.57993816,3.46003092,0.733333333,9.383333333,12.84336425,1.19,506.2,2014,10.96,
255,Adreian Payne,F,Michigan State,107,13.1,4,2.9,0.6,0.4,0.3,0.406,0.43,0.254,0.68,-0.6,0.02435141,11.98089372,-6.29044686,1.166666667,-0.883333333,-7.173780193,-0.78,352.8,2014,5.84,
256,Jusuf Nurkic,C,,318,23.1,11.8,8.1,2,0.9,1.3,0.492,0.498,0.096,0.673,17.3,0.0232275,11.42793,2.936035,28.43333333,-5.566666667,-2.630631667,-0.33,71.625,2014,,
257,James Young,G,Kentucky,95,8.5,2.3,1,0.3,0.3,0.1,0.367,0.534,0.277,0.563,0.8,0.02210359,10.87496628,-5.03748314,6.533333333,-2.866666667,-7.904149807,-0.85,296.1,2014,5.36,
258,Tyler Ennis,G,Syracuse,186,12.6,4.2,1.3,1.9,0.5,0.1,0.419,0.458,0.317,0.768,1.3,0.02116699,10.41415908,-4.55707954,11.8,-5.25,-9.80707954,-1.04,377.6,2014,8.49,
259,Gary Harris,G,Michigan State,368,29,12.1,2.6,2.1,1.3,0.2,0.454,0.519,0.36,0.803,17.9,0.02013674,9.90727608,3.99636196,8.533333333,4.683333333,8.679695293,0.78,382,2014,7.8,
260,Bruno Caboclo,F,,99,12.7,4.3,2.6,0.7,0.4,0.6,0.4,0.487,0.316,0.846,1.5,0.01929381,9.49255452,-3.99627726,6.633333333,-2.566666667,-6.562943927,-0.72,83,2014,,
261,Mitch McGary,F,Michigan,52,10.7,4.4,3.5,0.3,0.3,0.3,0.527,0.544,0,0.58,1.3,0.01845088,9.07783296,-3.88891648,6.166666667,-2.433333333,-6.322249813,-0.69,88.5,2014,2.59,
262,Jordan Adams,G,UCLA,32,8.2,3.2,0.9,0.6,0.6,0.2,0.402,0.409,0.385,0.607,0.4,0.01760794,8.66310648,-4.13155324,8.7,-4.15,-8.28155324,-0.89,485.1,2014,11.04,
263,Rodney Hood,G,Duke,341,27.3,12.5,2.9,1.9,0.8,0.2,0.426,0.467,0.372,0.839,17.1,0.01685867,8.29446564,4.40276718,5.9,5.6,10.00276718,0.91,324.2,2014,5.51,
264,Shabazz Napier,G,UConn,345,17.4,7.1,1.9,2.5,0.8,0.1,0.397,0.448,0.345,0.815,8.1,0.01610939,7.92581988,0.08709006,3.233333333,2.433333333,2.520423393,0.18,568.8,2014,13.05,
265,Clint Capela,C,,334,26,12.2,9.7,1,0.7,1.5,0.634,0.635,0,0.526,36.4,0.01536012,7.55717904,14.42141048,24.45,5.975,20.39641048,1.93,336.375,2014,,
266,P.J. Hairston,G,UNC,111,18,6,2.4,0.5,0.5,0.2,0.343,0.414,0.295,0.81,0.9,0.01461085,7.1885382,-3.1442691,3.366666667,-1.233333333,-4.377602433,-0.5,272.25,2014,6.02,
267,Bogdan Bogdanovic,G,,209,28.2,13.5,3.2,3.5,1,0.2,0.434,0.488,0.374,0.806,8.7,0.01395523,6.86597316,0.91701342,5.366666667,1.666666667,2.583680087,0.18,176.375,2014,,
268,C.J. Wilcox,G,Washington,66,5.7,2,0.5,0.5,0.2,0.1,0.37,0.397,0.333,0.813,0.1,0.01339328,6.58949376,-3.24474688,11.43333333,-5.666666667,-8.911413547,-0.95,364.8,2014,6.69,
269,Josh Huestis,F,Stanford,76,14.1,2.5,2.4,0.3,0.2,0.6,0.346,0.4,0.312,0.24,0.7,0.01273766,6.26692872,-2.78346436,5.733333333,-2.516666667,-5.300131027,-0.59,398.2,2014,4.17,
270,Kyle Anderson,F,UCLA,367,19.7,5.4,4,2,1,0.5,0.488,0.523,0.311,0.699,17.9,0.01217571,5.99044932,5.95477534,-0.033333333,8.966666667,14.92144201,1.4,606,2014,8.4,
271,Damien Inglis,F,,20,7.8,1.8,1.6,0.5,0.3,0.2,0.351,0.417,0.231,0.875,-0.1,0.01152009,5.66788428,-2.88394214,0.066666667,-0.083333333,-2.967275473,-0.36,119.375,2014,,
272,K.J. McDaniels,G,Clemson,148,14.1,5.3,2.2,0.6,0.5,0.6,0.412,0.479,0.29,0.776,1.3,0.01095813,5.39139996,-2.04569998,13.53333333,-6.116666667,-8.162366647,-0.87,491.4,2014,10.13,
273,Joe Harris,G,Virginia,331,24.3,10.4,3.1,1.6,0.5,0.2,0.479,0.543,0.426,0.779,14.7,0.01048984,5.16100128,4.76949936,8.6,3.05,7.81949936,0.7,269,2014,4.75,
274,Cleanthony Early,F,Wichita State,56,14.3,4.3,2.2,0.8,0.5,0.3,0.346,0.4,0.263,0.75,-0.6,0.00992788,4.88451696,-2.74225848,0.266666667,-0.433333333,-3.175591813,-0.38,378.6,2014,6.28,
275,Jarnell Stokes,F,Tennessee,28,5.4,2.4,1.4,0.3,0.3,0.2,0.581,0.581,,0.531,0.6,0.00945959,4.65411828,-2.02705914,7.6,-3.5,-5.52705914,-0.61,544.8,2014,9.9,
276,Johnny O'Bryant,F,LSU,147,11.5,3.5,2.4,0.5,0.2,0.1,0.402,0.406,0.36,0.663,0.2,0.00889763,4.37763396,-2.08881698,16.2,-8,-10.08881698,-1.06,309.5,2014,1.18,
277,DeAndre Daniels,F,UConn,,,,,,,,,,,,,0.00842933,4.14723036,-2.07361518,16.16666667,-8.083333333,-10.15694851,-1.07,342.6,2014,,
278,Spencer Dinwiddie,G,Colorado,317,25.7,12.9,2.8,5,0.7,0.3,0.41,0.48,0.318,0.793,18.3,0.00796104,3.91683168,7.19158416,2.866666667,7.716666667,14.90825083,1.39,196.1,2014,5.68,
279,Jerami Grant,F,Syracuse,454,24.5,9.3,3.9,1.1,0.6,1.1,0.465,0.524,0.347,0.669,22.6,0.00749274,3.68642808,9.45678596,8.633333333,6.983333333,16.44011929,1.54,311.8,2014,5.96,
280,Glenn Robinson,G,Michigan,281,17.5,6,2.6,0.8,0.5,0.2,0.459,0.503,0.373,0.768,7.6,0.00702445,3.4560294,2.0719853,4.966666667,1.316666667,3.388651967,0.26,314.1,2014,4.86,
281,Nikola Jokic,C,,381,29,17,9.6,5.5,1.1,0.7,0.524,0.576,0.338,0.826,48.7,0.00664981,3.27170652,22.71414674,0.2,24.25,46.96414674,4.54,403,2014,,
282,Nick Johnson,G,Arizona,28,9.4,2.6,1.4,0.4,0.3,0.1,0.347,0.389,0.238,0.68,-0.1,0.00618151,3.04130292,-1.57065146,4.933333333,-2.516666667,-4.087318127,-0.47,388.6,2014,9.05,
283,Edy Tavares,C,,13,7.8,2.5,2.5,0.3,0.1,0.9,0.625,0.625,,0.273,0.2,0.00580688,2.85698496,-1.32849248,0,0.1,-1.22849248,-0.19,258.375,2014,,
284,Markel Brown,G,Oklahoma State,113,15.9,5.2,2.1,1.2,0.6,0.2,0.38,0.427,0.295,0.781,1.1,0.00543224,2.67266208,-0.78633104,4.6,-1.75,-2.53633104,-0.32,423,2014,7.16,
285,Dwight Powell,F,Stanford,371,18.7,7.7,4.6,1,0.7,0.5,0.563,0.625,0.293,0.739,26,0.00496394,2.44225848,11.77887076,0.033333333,12.98333333,24.76220409,2.36,371.9,2014,4.26,
286,Jordan Clarkson,G,Missouri,453,27,14.8,3.1,2.6,0.9,0.1,0.446,0.5,0.342,0.818,13.9,0.0045893,2.2579356,5.8210322,-0.033333333,6.966666667,12.78769887,1.19,327.1,2014,4,
287,Russ Smith,G,Louisville,27,4.9,2,0.6,0.7,0.3,0,0.319,0.387,0.188,0.769,-0.2,0.00421467,2.07361764,-1.13680882,0.033333333,-0.116666667,-1.253475487,-0.19,428.6,2014,9.82,
288,Lamar Patterson,G,Pitt,40,10.9,2.3,1.4,1.1,0.3,0.1,0.326,0.45,0.236,0.72,0.1,0.00384003,1.88929476,-0.89464738,0.033333333,0.033333333,-0.861314047,-0.16,434.4,2014,8.94,
289,Cameron Bairstow,F,New Mexico,36,4.6,1.2,1,0.2,0.1,0.1,0.296,0.306,0.2,0.846,-0.1,0.00346539,1.70497188,-0.90248594,0.066666667,-0.083333333,-0.985819273,-0.17,489,2014,8.3,
290,Alec Brown,F,Green Bay,,,,,,,,,,,,,0.00318442,1.56673464,-0.78336732,0.066666667,-0.033333333,-0.816700653,-0.15,340.2,2014,4.2,
291,Thanasis Antetokounmpo,F,,22,6.1,2.8,1.1,0.7,0.3,0.1,0.519,0.659,0,0.412,0.2,0.00280978,1.38241176,-0.59120588,0.3,-0.05,-0.64120588,-0.13,412.25,2014,,
292,Vasilije Micic,G,,,,,,,,,,,,,,0.00243514,1.19808888,-0.59904444,-0.066666667,0.033333333,-0.565711107,-0.13,272.75,2014,,
293,Alessandro Gentile,F,,,,,,,,,,,,,,0.00215416,1.05984672,-0.52992336,0.45,-0.225,-0.75492336,-0.15,184.25,2014,,
294,Nemanja Dangubic,G,,,,,,,,,,,,,,0.00177953,0.87552876,-0.43776438,0.5,-0.25,-0.68776438,-0.14,219.125,2014,,
295,Semaj Christon,G,Xavier,64,15.2,2.9,1.4,2,0.4,0.1,0.345,0.406,0.19,0.548,0.1,0.00149855,0.7372866,-0.3186433,0.466666667,-0.183333333,-0.501976633,-0.12,316.9,2014,3.34,
296,Devyn Marble,G,Iowa,44,10.4,2.2,1.6,0.7,0.5,0.1,0.304,0.377,0.222,0.375,-0.3,0.00112391,0.55296372,-0.42648186,0.85,-0.575,-1.00148186,-0.17,340.4,2014,6.04,
297,Louis Labeyrie,F,,,,,,,,,,,,,,0.00084293,0.41472156,-0.20736078,50.4,-25.2,-25.40736078,-2.57,164.25,2014,,
298,Jordan McRae,G,Tennessee,123,13.8,6.9,1.8,1.4,0.4,0.2,0.417,0.447,0.355,0.772,1.7,0.00056196,0.27648432,0.71175784,0,0.85,1.56175784,0.08,369,2014,8.36,
299,Xavier Thames,G,San Diego State,,,,,,,,,,,,,0.00018732,0.09216144,-0.04608072,0,0,-0.04608072,-0.08,378.9,2014,10.56,
300,Cory Jefferson,F,Baylor,58,10,3.5,2.8,0.3,0.2,0.4,0.444,0.474,0.125,0.583,0.9,-0.0000937,-0.0461004,0.4730502,0,0.45,0.9230502,0.02,432,2014,6.62,
301,Karl-Anthony Towns,C,Kentucky,358,34.4,22.7,11.8,2.8,0.8,1.5,0.534,0.573,0.396,0.831,50.4,0.07202398,29.86834451,10.26582775,11,19.7,29.96582775,3.52,415,2015,12.5,
302,D'Angelo Russell,G,Ohio State,317,29,17.5,3.7,5.3,1.1,0.2,0.42,0.468,0.356,0.772,8.4,0.05984827,24.81907757,-8.209538785,6.6,0.9,-7.309538785,-0.99,489.5,2015,9.23,
303,Jahlil Okafor,C,Duke,220,20.4,11,5,1,0.3,0.9,0.538,0.541,0.222,0.675,6.6,0.05263651,21.8283607,-7.614180349,11.66666667,-2.533333333,-10.14751368,-1.33,540.8,2015,8.54,
304,Kristaps Porzingis,F,,243,31.2,18.4,7.6,1.4,0.7,2,0.434,0.471,0.358,0.803,17.3,0.04757891,19.73097398,-1.215486989,8.966666667,4.166666667,2.951179678,0.25,367.625,2015,,
305,Mario Hezonja,F,,330,18.5,6.9,3.1,1.3,0.7,0.2,0.417,0.484,0.319,0.812,3.2,0.04364522,18.09967273,-7.449836367,12.03333333,-4.416666667,-11.86650303,-1.54,238.25,2015,,
306,Willie Cauley-Stein,F,Kentucky,349,23.5,9.6,6.3,1.6,0.9,0.8,0.539,0.541,0.211,0.611,20.3,0.0404608,16.77909376,1.76045312,7.833333333,6.233333333,7.993786453,0.86,399.5,2015,9.31,
307,Emmanuel Mudiay,G,,300,23.9,11,2.9,3.8,0.7,0.3,0.401,0.431,0.323,0.744,-0.2,0.03774469,15.65272294,-7.926361472,10.96666667,-5.583333333,-13.5096948,-1.74,0,2015,,
308,Stanley Johnson,F,Arizona,310,20.4,6.6,3.2,1.4,0.9,0.2,0.374,0.43,0.293,0.755,3.4,0.0354032,14.68170704,-5.64085352,10.13333333,-3.366666667,-9.007520187,-1.2,370.8,2015,6.51,
309,Frank Kaminsky,F,Wisconsin,321,21.9,9.8,4,1.6,0.5,0.4,0.422,0.475,0.347,0.75,12.4,0.0333427,13.82721769,-0.713608845,10.03333333,1.183333333,0.469724488,-0.05,643,2015,12.18,
310,Justise Winslow,F,Duke,241,28.4,9,5.4,2.7,0.9,0.4,0.417,0.447,0.337,0.646,7.7,0.03146951,13.0504058,-2.675202899,9.266666667,-0.783333333,-3.458536232,-0.52,410.8,2015,7.88,
311,Myles Turner,C,Texas,342,28.3,12.7,6.7,1.2,0.7,2.1,0.488,0.524,0.357,0.768,26.4,0.02978365,12.35127966,7.024360173,2.866666667,11.76666667,18.79102684,2.17,318.8,2015,5.73,
312,Trey Lyles,F,Kentucky,351,18,7.4,4.2,1.1,0.4,0.4,0.433,0.496,0.341,0.708,10.3,0.0282851,11.72983097,-0.714915485,9.433333333,0.433333333,-0.281582152,-0.14,255.5,2015,7.37,
313,Devin Booker,G,Kentucky,342,33.5,22.5,3.6,4.7,0.8,0.3,0.448,0.493,0.354,0.871,17.3,0.02688021,11.14722309,3.076388457,5,6.15,9.226388457,1.01,198,2015,7.61,
314,Cameron Payne,G,Murray State,161,16.4,6.2,1.9,2.5,0.7,0.2,0.403,0.444,0.344,0.781,2.7,0.02556898,10.60345601,-3.951728003,6.866666667,-2.083333333,-6.035061336,-0.84,513.9,2015,8.7,
315,Kelly Oubre,F,Kansas,348,24.1,10.9,4.1,0.9,0.9,0.5,0.431,0.503,0.329,0.778,12.1,0.02435141,10.09852973,1.000735137,9.566666667,1.266666667,2.267401803,0.17,253.8,2015,5.87,
316,Terry Rozier,G,Louisville,335,22.7,9.6,3.7,2.7,0.8,0.2,0.394,0.415,0.371,0.813,12.9,0.0232275,9.63244425,1.633777875,7.533333333,2.683333333,4.317111208,0.42,395,2015,8.11,
317,Rashad Vaughn,G,UNLV,139,12,3,1.1,0.5,0.4,0.2,0.337,0.366,0.313,0.692,-0.6,0.02210359,9.166358773,-4.883179387,9.266666667,-4.933333333,-9.81651272,-1.29,199,2015,2.34,
318,Sam Dekker,F,Wisconsin,200,15.5,5.5,3,0.8,0.5,0.2,0.478,0.57,0.288,0.606,5.4,0.02116699,8.777950753,-1.688975377,8.833333333,-1.716666667,-3.405642043,-0.52,424.4,2015,7.79,
319,Jerian Grant,G,Notre Dame,279,17.9,6.1,1.9,2.9,0.7,0.1,0.411,0.464,0.323,0.77,8.3,0.02013674,8.350706078,-0.025353039,10.3,-1,-1.025353039,-0.23,531,2015,10.33,
320,Delon Wright,G,Utah,271,19.8,7.3,3.1,2.9,1,0.4,0.45,0.497,0.342,0.79,14.9,0.01929381,8.001143007,3.449428497,5.466666667,4.716666667,8.166095163,0.88,528.1,2015,13.04,
321,Justin Anderson,G,Virginia,226,13.1,5.2,2.5,0.7,0.4,0.3,0.413,0.522,0.296,0.774,4.6,0.01845088,7.651579936,-1.525789968,4.033333333,0.283333333,-1.242456635,-0.26,233,2015,5.65,
322,Bobby Portis,F,Arkansas,315,20.4,10.2,5.9,1.2,0.5,0.3,0.456,0.49,0.36,0.754,10.8,0.01760794,7.302012718,1.748993641,12.03333333,-0.616666667,1.132326974,0.03,531,2015,8.68,
323,Rondae Hollis-Jefferson,F,Arizona,294,22.6,9.3,5.6,1.9,0.9,0.5,0.448,0.472,0.213,0.738,12.5,0.01685867,6.991290449,2.754354776,8.066666667,2.216666667,4.971021442,0.5,387.1,2015,6.82,
324,Tyus Jones,G,Duke,312,18,5.6,1.5,3.6,1,0.1,0.431,0.472,0.345,0.803,11.4,0.01610939,6.680564033,2.359717984,6.2,2.6,4.959717984,0.5,444.8,2015,8.9,
325,Jarell Martin,F,LSU,184,15.9,5.4,3.5,0.6,0.4,0.4,0.434,0.457,0.346,0.766,3.2,0.01536012,6.369841764,-1.584920882,10.43333333,-3.616666667,-5.201587549,-0.73,419.4,2015,6.59,
326,Nikola Milutinov,C,,,,,,,,,,,,,,0.01461085,6.059119495,-3.029559748,3.066666667,-1.533333333,-4.562893081,-0.66,560.125,2015,,
327,Larry Nance,F,Wyoming,315,23.5,8.1,6.6,1.8,1.2,0.5,0.537,0.578,0.324,0.695,20.4,0.01395523,5.787233881,7.30638306,4.966666667,7.716666667,15.02304973,1.71,398.1,2015,5.25,
328,R.J. Hunter,G,Georgia State University,45,8.8,3,1,0.4,0.4,0.1,0.371,0.523,0.295,0.818,0.4,0.01339328,5.554193216,-2.577096608,9.433333333,-4.516666667,-7.093763275,-0.96,463.2,2015,8.32,
329,Chris McCullough,F,Syracuse,59,9,3.3,1.9,0.3,0.5,0.3,0.426,0.47,0.306,0.548,0.6,0.01273766,5.282307602,-2.341153801,13.46666667,-6.433333333,-8.774487134,-1.17,152.1,2015,2.05,
330,Kevon Looney,F,UCLA,224,13.9,4.4,3.7,1,0.5,0.6,0.57,0.595,0.15,0.601,10.3,0.01217571,5.049266937,2.625366532,10.2,0.05,2.675366532,0.22,430.9,2015,6.76,
331,Cedi Osman,F,,202,24.9,9.6,3.5,1.9,0.7,0.1,0.437,0.503,0.364,0.717,4,0.01152009,4.777381323,-0.388690662,8.8,-2.4,-2.788690662,-0.44,355.875,2015,,
332,Montrezl Harrell,F,Louisville,318,20.9,12.7,4.9,1.3,0.6,0.9,0.614,0.624,0.1,0.638,26.1,0.01095813,4.544336511,10.77783174,0.266666667,12.91666667,23.69449841,2.76,481.9,2015,8.26,
333,Jordan Mickey,F,LSU,64,7.5,2.4,2,0.3,0.1,0.4,0.449,0.496,0.118,0.605,0.5,0.01048984,4.350136648,-1.925068324,5.866666667,-2.683333333,-4.608401657,-0.66,433.9,2015,5.08,
334,Anthony Brown,F,Stanford,41,18.6,3.9,2.5,0.7,0.5,0.1,0.328,0.38,0.286,0.85,-0.2,0.00992788,4.117091836,-2.158545918,5.933333333,-3.066666667,-5.225212585,-0.74,406.8,2015,6.51,
335,Willy Hernang—mez,C,,209,14.4,6.9,5.4,1,0.4,0.4,0.531,0.549,0.33,0.687,8.6,0.00945959,3.922891973,2.338554014,0.2,4.2,6.538554014,0.69,353.625,2015,,
336,Rakeem Christmas,F,Syracuse,30,7.5,2.1,1.9,0.1,0.1,0.2,0.467,0.467,,0.724,0.5,0.00889763,3.689847161,-1.594923581,5.766666667,-2.633333333,-4.228256914,-0.62,450.1,2015,7.96,
337,Richaun Holmes,F,Bowling Green,270,18.8,8.4,5,0.9,0.6,1,0.583,0.618,0.257,0.724,17.3,0.00842933,3.495643151,6.902178425,0,8.65,15.55217842,1.78,420.4,2015,5.38,
338,Darrun Hilliard,G,Villanova,91,9.4,3.2,0.9,0.8,0.2,0,0.377,0.42,0.304,0.747,0.3,0.00796104,3.301443288,-1.500721644,9.333333333,-4.516666667,-6.017388311,-0.83,326.6,2015,8.08,
339,Juan Pablo Vaulet,F,,,,,,,,,,,,,,0.00749274,3.107239278,-1.553619639,0,0,-1.553619639,-0.29,180.5,2015,,
340,Josh Richardson,G,Tennessee,314,30.7,12.4,3.2,2.9,1.1,0.7,0.426,0.471,0.363,0.818,17.9,0.00702445,2.913039415,7.493480293,3.5,7.2,14.69348029,1.67,355,2015,8.19,
341,Pat Connaughton,G,Notre Dame,283,15.7,4.8,2.8,1.3,0.3,0.3,0.443,0.56,0.344,0.79,10.1,0.00664981,2.757676207,3.671161897,1.2,4.45,8.121161897,0.88,444.2,2015,6.88,
342,Olivier Hanlan,G,Boston College,,,,,,,,,,,,,0.00618151,2.563472197,-1.281736099,1.2,-0.6,-1.881736099,-0.33,363.9,2015,6.16,
343,Joe Young,G,Oregon,127,8.5,3.4,1,0.9,0.3,0,0.393,0.438,0.296,0.768,0.4,0.00580688,2.408113136,-1.004056568,5.066666667,-2.333333333,-3.337389901,-0.51,440,2015,7.38,
344,Andrew Harrison,G,Kentucky,145,20.6,7,2,2.8,0.7,0.3,0.373,0.422,0.294,0.779,3.2,0.00543224,2.252749928,0.473625036,4,-0.4,0.073625036,-0.1,260.6,2015,7.53,
345,Marcus Thornton,G,William & Mary,,,,,,,,,,,,,0.00496394,2.058545918,-1.029272959,4,-2,-3.029272959,-0.47,343.9,2015,3,
346,Norman Powell,G,UCLA,307,18.8,8.6,2.4,1.3,0.7,0.2,0.457,0.527,0.361,0.818,12,0.0045893,1.90318271,5.048408645,0,6,11.04840865,1.23,340.9,2015,6.04,
347,Arturas Gudaitis,C,,,,,,,,,,,,,,0.00421467,1.747823649,-0.873911825,0.2,-0.1,-0.973911825,-0.22,417.125,2015,,
348,Dakari Johnson,C,Kentucky,31,5.2,1.8,1.1,0.3,0.2,0.3,0.564,0.564,,0.55,0.6,0.00384003,1.592460441,-0.496230221,0,0.3,-0.196230221,-0.13,230.5,2015,5.64,
349,Aaron White,F,Iowa,,,,,,,,,,,,,0.00346539,1.437097233,-0.718548617,0,0,-0.718548617,-0.19,468,2015,10.33,
350,Marcus Eriksson,G,,,,,,,,,,,,,,0.00318442,1.320578974,-0.660289487,0,0,-0.660289487,-0.18,0,2015,,
351,Tyler Harvey,G,Eastern Washington,,,,,,,,,,,,,0.00280978,1.165215766,-0.582607883,0,0,-0.582607883,-0.18,424.5,2015,5.08,
352,Satnam Singh Bhamara,C,,,,,,,,,,,,,,0.00243514,1.009852558,-0.504926279,0,0,-0.504926279,-0.17,0,2015,,
353,Sir'Dominic Pointer,G,St. John's,,,,,,,,,,,,,0.00215416,0.893330152,-0.446665076,0,0,-0.446665076,-0.16,481,2015,9.13,
354,Dani D’ez de la Faya,F,,,,,,,,,,,,,,0.00177953,0.737971091,-0.368985546,0,0,-0.368985546,-0.15,295.625,2015,,
355,Cady Lalanne,C,UMass,,,,,,,,,,,,,0.00149855,0.621448685,-0.310724343,0,0,-0.310724343,-0.14,348.9,2015,3.51,
356,Branden Dawson,F,Michigan State,6,4.8,0.8,0.7,0,0,0.2,0.4,0.4,,1,0,0.00112391,0.466085477,-0.233042739,0,0,-0.233042739,-0.13,441,2015,5.61,
357,Nikola Radicevic,G,,,,,,,,,,,,,,0.00084293,0.349563071,-0.174781536,0,0,-0.174781536,-0.13,233.25,2015,,
358,J.P. Tokoto,G,UNC,,,,,,,,,,,,,0.00056196,0.233044812,-0.116522406,0,0,-0.116522406,-0.12,345.4,2015,4.91,
359,Dimitrios Agravanis,F,,,,,,,,,,,,,,0.00018732,0.077681604,-0.038840802,0,0,-0.038840802,-0.11,186.625,2015,,
360,Luka Mitrovic,F,,,,,,,,,,,,,,-0.0000937,-0.03885739,0.019428695,0,0,0.019428695,-0.1,654.625,2015,,